PC_1,PC_2,PC_3,PC_4,PC_5,PC_6,PC_7,PC_8,PC_9,PC_10,PC_11,PC_12
0.7495435227367668,0.3014890895763964,1.1936475127022232,-0.09329502635236184,-0.32088494434036974,1.173167287189115,-0.1854770346690679,-0.37434693675508324,0.40154337766058346,-1.0485929179356446,-0.062001471091717573,0.4782779721145839
3.4554160827302507,0.5178957138374978,-0.12117550730443591,-0.6398249090243755,0.5609613980650119,-1.269055016926476,0.47249789653679986,-0.4037771608311866,0.11598015336778156,-0.1084917829012893,0.06814496913634702,0.48711129196011027
2.336041995722183,-1.2326385958697983,-0.5610483835600457,-0.012184959290235442,0.6996313215055947,0.417921116384795,-0.7022403459449318,-0.043710854111157216,0.409505246168373,0.18568659225549544,0.08901581635413808,0.034795116532255116
-1.3029180360089998,-0.2726053625039009,1.2542448723507484,2.7536543334408585,0.2909224000608722,1.2421053837948302,0.6581452168752384,0.21973937837196622,-0.1962704654144366,-0.3863985267470154,-0.378990274508751,0.19343869993573562
-1.7277344941303456,-0.29504718110508243,0.9003354703089436,0.7730507361589056,0.14557466607095615,0.19826594100555617,0.2891339081124433,-1.0201437521026893,-0.07149585094064226,-0.3542976061847004,0.4800596176614511,-0.30814289464892064
-1.3848143213022672,0.25560233597080334,-0.06809296141717988,-0.10146970263851839,0.34314899446410885,0.976891850480951,-0.5393149946505555,0.09070275793273502,-0.490643832117726,-0.4497224319197015,0.649555113790051,0.31706520021226026
1.9049746783127584,0.3667127885232222,0.46485859617227915,1.1970945425792925,1.1902199270904248,1.1130521537336933,-0.031103370673169983,-1.1563741050663208,-0.41586333505791495,-0.4277026455638238,-0.44317834543270196,-0.4422718755751767
-0.3218357542037059,1.4055556407940266,-1.5769821660772698,0.6970774235175575,-0.7694640528767043,0.24236924838982854,-0.6568343679423212,-0.2142540719406388,-0.8875600370060129,0.14319788409838136,-0.709163650717754,0.38487729580786567
1.029200627237362,-0.027986981712893877,-0.2885996675196088,-0.13332514208333807,0.21476807339293325,0.19457870360641816,-0.7736380141615322,0.03139338691522159,0.49867351287308037,0.2951375742038518,0.34459675449865257,-0.5195373362121002
0.5991224576201082,-0.8251052978658757,1.5786782243300816,1.101245095826252,-0.23786088755480433,0.5215796421141858,-0.9935500681889147,-0.057103417309791626,0.3580054167441209,-0.6325056270705995,-0.6313898394352419,0.14476720055500594
-0.32005356060338586,-0.4212820288477377,0.8132788327639632,-1.013464084167651,-0.40301203304281213,-0.1774049508616029,-0.4264164103072822,-0.17922865645043426,-0.3281863824655127,0.44869579296240997,0.24423942615426966,0.2986871863126914
0.04863827600093956,1.0840709808277618,-0.013404278279522286,0.3091960960668221,-0.766716071990862,0.42582827965830494,0.2714668883457675,-0.7729698895908381,0.05324797156091199,0.12335931585489884,1.016317650657695,-0.06912298437223377
0.3024319379770482,0.05029750623869578,-0.352929717451408,-0.3895217066682089,0.02836969332426209,-0.19567629396691466,0.5899923241030853,0.0666861094050461,1.0315434156626244,0.1784492491749992,-0.1966730179204497,1.2574805572429204
-2.009793297060893,0.3067684384933699,-0.40140137411251053,0.5037106351090828,0.06966422018493446,-0.2760784809572151,-0.31990117869098705,0.732331427084475,-0.3144889287741653,-0.4186741159273909,0.7126688967679135,-0.2631850931275237
-0.5428699162345332,0.9140129651506879,2.440105868376091,-0.6428992769566628,-0.0765793146440692,-0.4225345975271716,0.3487925520222435,1.1504992525114888,0.15100819177384328,-0.027483634085617575,-0.33233026512682956,-0.11164983640039303
-0.7075044029399671,0.02514438049206444,2.0657084835036446,-0.47892241169341865,0.3865892817780574,1.0772371980394102,0.08619479255968726,0.3397722793780356,-0.10035489159419453,0.03345756994349175,-0.29841008156773147,0.16664542121622675
-1.5666355663528047,-0.6229114480129954,-0.2522405196173341,0.5584419953890138,0.17522079000877977,0.6233379213569732,-0.4669246145403558,0.5943200498255716,-0.36718530652242687,-0.7267639593171562,0.5987470856086496,-0.30028204709732786
-0.4128995795046524,0.24342889010171653,0.670683079986402,0.10174531476417006,-0.24294911387073737,0.14742829890254244,-0.4956514983493006,-0.051581618496798654,-0.5947479418610944,-0.24109904144872416,-0.22829999424461322,-0.027539779171537715
-0.9323229036963501,0.4121028521262155,-0.42575441558898375,-0.14927756261082623,-0.8774648432461091,-0.10272258860858507,1.1877170353308382,0.163466635438144,-0.38325048088652114,-0.08682941165171047,-0.4978460081017454,-0.27433775660427184
-1.4239144983079197,0.6515578203779036,0.02497946562460035,0.35598786754505085,-0.033174003829757825,0.1843826032112733,-0.07666759528971417,0.1494396705414089,-0.5238978798398072,-0.5670564590094853,0.6696503662822663,0.269969759945099
0.2941171599737035,-1.1198058190198108,-0.4122519850346692,-0.4143829310565883,-0.4488679482911404,1.3168174641452484,-0.679458188250015,-0.36489646320329777,0.6466753044776361,0.12677016122580886,0.26988634348950225,0.7178874163417018
-0.05637189383246627,1.6042504974126122,0.5915922370892186,-0.04584737064858424,-0.4079642861965332,0.3830129760169012,0.09539262455835884,-0.5781226642943011,0.1469468502465856,-0.26540931328603423,-0.19255338577781694,-0.005478913283229997
-0.13884700880868067,0.32987359439612296,-0.545550527245347,0.5761629417287691,-0.3693841722499245,1.1030299047775007,-0.28927365414059275,-0.3879689907756392,0.4243480557226267,-0.19988634745129125,1.1905850659701125,0.30169806282869094
0.8697077888657356,-0.2132291662038162,0.7271189812243212,1.0084450132878553,1.851539926284851,1.2554103791069133,0.16187565110759428,0.3546516251615813,0.6738174960699088,-0.20772687769995052,-0.15679798940345016,-0.43275319972757686
1.8980107410886433,-1.3255155435175296,0.15810014340437137,0.12212205725488925,0.7771584271932428,-0.18460113102506026,-0.4672410409295659,-0.09952927310575882,0.40974572738262194,0.24885869600975546,0.08099539077973933,-0.012253372595128903
-0.9036369050852253,-0.6209222808008188,0.1501092631325924,0.30868361373325837,-0.2745194654576928,1.0296151011753865,0.7831394935990568,-0.09867035335951235,-0.1737850894086248,0.8410073073832738,-0.03415688387164337,-0.03596215953464707
-1.0737805074175646,1.8072103720094965,-1.4272362911815248,0.068752874661447,-0.34547739384825643,0.8965916823420756,0.3156751701789185,0.29122037003258266,-0.3492844329937247,0.21882255183841487,-0.5107569926789253,-0.021891021459188642
1.683617815098488,-0.20340899938679968,1.1192684118736453,-0.634691470377176,-1.2300491045138235,1.1640915321561558,0.593295567103731,-0.28889127872047526,-0.9211671691673007,-0.7750189315164253,-0.13103735365071278,-0.3639889523024689
-0.9248136559617863,0.45235983728871393,1.3018894693795304,1.099004448699753,-0.15114478159407319,-0.4153156585044434,-0.18101585853476881,-0.11037948393464542,-0.6250336119814404,-0.1787627294064825,-0.21701485237279325,-0.03013749582953812
-0.18533433500077584,-3.0293272879755957,0.11894624353537853,0.694227728552116,-1.0490948898528945,-0.7065486699580309,-0.1412217737414016,-0.17952346200150898,0.5990417264684789,0.021098246593874603,0.024993082372534003,-0.23840123083015372
1.4224889539189736,0.5076441331183873,0.17948182014093972,-0.7331088301247405,1.2056556685151063,0.9484438291928021,0.3310678944658984,-0.2919003693888104,-0.8920620522856246,-0.07872687130853864,-0.060577768997039386,-0.1413920561274528
0.6404343007194779,-0.6079773386517748,-0.5556038862952744,0.04014830222848495,1.524597957955429,0.05399107536190578,-0.8794117209101098,0.5756800153985238,-0.36328528700456675,-0.07358044936776179,-0.5825627655856903,0.42664071578529483
-0.1626837905793021,2.097302616559312,-0.6717107743943257,-0.5379340650847312,-0.6176539022516617,0.5883050799648094,0.1806299135609271,0.8074564785466902,-0.08443600720372868,-0.2519352814975099,-0.2796325824770871,0.2616842322154307
-0.2726121669834598,0.16910629569308022,0.27543904344104303,-0.436140548067404,-0.25067874655451344,0.058984575578070075,-1.010040296238938,0.5508456745924402,-0.18576289755551678,0.6830611179508006,0.29242160417151086,-0.3423611518765943
-1.9116815799697424,0.19021624596229478,0.45846134295416535,0.45179642289858735,0.12516244638723661,-0.019471021010975087,0.1369029553243707,0.5051011817550068,0.0038380369560967464,0.12441660279922356,-0.6341504048703226,0.7864051296123897
-1.926612821981794,0.346496262128096,0.810375331289047,0.3050823391096593,0.14135775382305482,-0.7999284051308365,-0.4002970230289759,-0.07518895847057688,-0.5031794478538255,0.007396004437123932,-0.2899991072228755,-0.02985664740190208
0.2345928129703157,-2.558983499748164,0.5633247350222867,0.884932806601922,-1.00030854614063,-0.450084494284421,-0.2512923582296542,-0.17762636041323937,0.5455288352609098,0.061291000918638816,0.05450121191592905,-0.18829962633784422
1.5466270831532458,0.17761447553604198,-0.0889116268255008,-0.527788688482404,-0.9182020283183214,-1.3955136004938495,0.19455501467397884,-0.4545806317697314,0.31010308478677673,-0.10455357960627981,0.04642145475721096,0.6580072399565047
1.2787416964539238,0.667109059964222,-1.2970553928357296,0.9496840782362299,-0.7278455488703135,-0.8292323207072708,-0.2557290131329974,0.7696018702248697,-0.33945119919451433,0.27043775383039653,0.09075437525467761,0.2355051807526999
0.6036740576234532,0.3970444932856537,0.7918901228947093,-0.7590755895833975,-0.9110906262335237,0.22202513047404848,0.44797066626236504,0.680845002355448,0.20973229752361355,0.35777102773675096,-0.20368741748935146,1.1743265370256952
2.6405856650069444,-0.195804853229689,0.03172556639294251,-1.195351764274328,1.0579529733633435,-1.075926474353904,0.5017453880771799,-0.43691615507139575,0.010091789243890759,0.4192076207134941,0.1844135751194221,-0.9988383825374754
-1.505259561234062,-0.4171468365895843,1.518366056639644,1.0781810965283576,0.19454522181551848,-0.35706393405534664,-0.4220734428808938,0.6375286262317303,-0.22538172368030818,0.03152719426630282,-0.14331832621345728,0.20131981208931884
1.229029584631815,2.4567381048948844,0.0805659842550975,-1.0797137601121207,1.0938818057028201,0.17026808265150484,0.24281701948119966,-0.13923629548198957,-1.0670619669220496,-0.20565245579278452,0.5471464655321826,0.049994950805433286
-0.06271951768729617,0.37499999287178365,1.494666550265042,-0.4715639834644638,-0.10849918419009152,0.9030309783660954,0.39516513212323356,0.5328612204691452,-0.006314566889391027,-0.28028258308671716,-0.39478762486869257,0.44311839472878023
-0.44272514999303564,1.9030887250102149,-1.0525051158217305,-0.09680764715028847,-0.44270873609881173,0.2768941754206091,-0.7404420267959706,-0.7495938618919016,-0.08068654492055849,0.01812844274573172,-0.4302900243477239,-0.37894372838160917
0.22621852127476832,-0.747571488661777,-0.25253355552510814,0.7038980792281129,0.8277154088611325,1.4674374019295642,-0.0509083566579579,0.3947717584630647,1.018851846094778,0.44832801669164274,0.27023742182950905,-0.2932554689215833
-0.960166447789453,-1.8011868952715735,-0.2464472691233951,-0.9997488105453405,-0.5721120642775259,0.41865059995959725,0.8307176114573473,0.4188545718506473,0.01170081302521131,-0.5272628836856494,-0.34417358164219203,-0.07505665994656757
1.0673387761074022,-0.5025633540137233,1.15169981414908,0.92583733092129,-1.1275463282331752,-0.3434478930929238,-0.09105168917724754,-0.05404144305611541,0.42748836175346105,-0.006854976355220144,0.40791870645439,-0.6853925151067229
0.9977970719329892,3.1414381100347804,-1.5603794682450123,0.45133955787377533,-0.21325230035510856,0.5923218737292033,0.7434954681298895,0.0056491893501447454,0.3754796539732044,-0.2913187485076744,-0.5314876059856568,0.15325307629343823
-0.69960852121737,-0.4694406441321075,0.8092096689473688,-0.3092989954917942,-0.08315922821738336,0.7415414339721367,0.41097821166524073,-0.033474360512585344,0.8313330753877644,-0.7406766757502925,-0.5542991930185079,0.19336830709273153
-2.2749402936087795,-0.9284334386121527,-0.6299993125373071,0.0010455805398651707,1.0162859118984071,-0.19337442556065,0.499652339152599,-0.48532450918746284,-0.7775327949395648,-0.14387918785603776,0.39901085469885444,-0.15344581688705483
-0.1424182205261456,-1.0221649290109878,0.014405784479414749,-1.5507276637469911,-0.21625641626324843,0.5052026898052691,-1.1270397459457566,0.5236067955759376,-0.35005628414832773,-0.1943403719720025,-0.20253949530983495,-0.6224871300846215
-1.047569524546454,0.018835889576607173,-1.4468293726801429,0.5807446253883433,0.28224582181974567,-0.9193635740162641,-0.03713083646381632,-0.4693533870389265,0.2610243999162143,-0.5330275139915717,-0.2712903360993053,-0.22738856212261338
-2.366623198081016,0.43349567910062725,0.5527520456912101,0.1887744170854471,0.524522598721898,-0.14952723376749544,-0.3600909116095817,-0.4476461641357424,0.3411540712554355,-0.4688457555205363,0.6260032015513746,0.10537107069174204
0.8381941110336988,-0.22961073075005584,-0.22581643700551135,0.025715771688848726,0.14096411334167258,-0.09402100000418778,-0.8202069862719759,0.6051805133564063,-0.5033623840659298,-0.19968188738890685,-0.41979227454219026,0.05717702142593775
1.7098047764298683,-1.2104207015690032,-0.6751359248784583,0.6386888654909431,-0.7950208027895729,-0.5635947001606435,-0.09996718838565427,0.05330293899007582,0.44222706026838043,-0.10720642425150616,0.10184521651033757,-0.10212465753600328
-0.5064817987204712,0.19159404319835738,0.5301565544927358,0.040050098608807455,0.5729645206859268,-0.26123057488316614,0.5005658309790918,1.0245028034867094,0.24914380731671826,0.7167058873190608,0.23867698536685197,-0.1960840127958657
-2.044615359295345,-1.525064403044018,-0.01768396838856709,-0.028443781200648027,0.12783852387093997,-0.686521664582335,-0.7298538384325735,-0.1046335351031526,0.5232389017420673,-0.23002405710897778,-0.2478437152831095,-0.8393906385657529
-0.3520496268374051,0.44235300768940694,-0.5979137268318341,-0.05456548829140241,0.35348735953445176,0.23179747080423163,0.610843560115746,0.05243205372678639,0.6635414901045922,-0.7136902575584481,-0.42241957940114505,-0.03814385712606699
0.33218108019646625,-1.1736203602707127,-0.037666650277375924,-0.10733598691925747,-0.09012614961184806,-0.34778217037667225,0.3749043528320401,-0.3445229759431056,0.35004022409423174,-0.8121890835548611,-0.18129527566449874,0.39308894260847416
0.25449823541022215,0.2461987213346526,-0.6168988924309583,0.8696593391653935,-1.195301559583183,-0.42695087160135514,-0.33663414068199565,0.21330158437509872,-0.5820213878083448,0.7841797492870344,-0.13579607480734823,-0.114905477727377
-0.9589643272653363,-0.4880174441389292,1.6069329845354279,0.19273020475057165,-0.1802441460036341,0.26081997534426604,0.5348654419355717,-0.6024845347650725,0.35034815603004055,-0.09379787819755081,-0.9032975123975313,0.15416796743240999
2.13131880816503,-1.3203025717064543,-0.2511656980903869,0.22716620357466347,1.515332197941848,-0.6658107236550793,-0.13531816450341044,-0.10464534107729923,0.3694229588167077,0.23950811290252855,0.07820035475879789,-0.010843938383048951
-1.113947585577765,1.6800664490435997,-0.35152282825648196,-0.09837250978630566,-0.26898518052901954,0.3875949619303519,0.5973800124245553,0.3001153317985041,-0.24226179136189763,0.1717424407014787,-0.6330916072884131,0.21781880361804387
0.7784571516263419,-2.0119324136167958,-0.17092684447415457,-0.49675259003560834,-0.22882710091402358,-0.4050743908588871,0.057308883930318355,0.40164895406814954,-0.2656361072837216,0.14660073582914712,0.3176393680980443,-0.5958094841015674
2.3568907213784005,0.11668149112299157,0.1754125957234673,1.0152364843343855,0.5754117954096998,-0.2671056819950911,-0.4153502800501327,0.021222331632251623,0.3232748552985383,0.2440272192603164,0.13517198348530057,0.0921540747835802
0.495051926404741,-0.6475716341452307,1.564805414354824,0.12375715867189271,-0.15053493809346719,1.638769865218733,0.22581262172202912,-0.22928361211378634,0.8334522796557882,0.28215717600047846,0.23093424666244258,0.13329666157693884
-0.25807548252243007,0.5931234528500227,1.3865420746378034,0.2885926651556817,-0.08506055413335412,0.5093051217963505,0.001739929862270173,0.5431798446860832,0.8027755715510458,-0.22081814772615038,-0.180083250117193,-0.518411604755935
2.2313500731899274,1.3377515361626422,1.4004324753719173,1.6480709263256164,-1.2999577183468514,0.11836662985639251,-0.6703821034481967,0.1593166557394216,0.057100442104468296,-0.8536226102622506,-0.39317960499835336,-0.10239063991756134
0.3937955936821667,-0.5075521355379643,1.7735369314252538,1.5300385136996293,-0.6623085293012045,0.8142509600101344,1.1260435153084356,0.27820574308263707,-0.03995179308142127,0.228785204020649,0.27030273668819627,0.23582509266035664
0.3860096201847088,1.498490085099653,0.6846443835499645,-0.9362085845337108,-0.6972633310828946,0.7751722096247686,0.5941618263230508,0.20340188487211958,-0.47962408782203025,0.06438814618273192,-0.44646979667507625,-0.15784602618518992
0.7232807159336267,0.41033689067082824,-0.8460341849226687,-0.8895344396241601,1.4679966521657486,-0.038855135238671124,-0.8275654326711024,0.6538957748661027,-0.1266939649288752,0.659485425189243,0.15831754522917482,0.04699797635261252
2.4472251956042372,-1.289467105433511,-1.3075619689214384,-0.19157347767723937,-0.15409228249258955,-0.5525713899934187,0.09014369605982067,0.6014239747162073,-0.3856482533146227,0.01395425365877534,0.09049137375253713,0.07260891588273624
0.4247871510366848,-0.1257796951917562,-1.3452203807267806,-0.6978672134460498,1.5049775371277498,0.368663779881251,-0.6563038953337881,-0.6163370937750441,0.19983671799353786,-0.4229984836146812,-0.22580568464802506,0.11397773847607337
-1.9115413768572218,-0.785460116221147,-0.3810358890223984,0.0947815332588143,1.2293122930148326,-0.469275022430942,-0.5510107735249612,-0.6811432154063143,0.3312948671518192,-0.14840807441751366,-0.3280365553490846,-0.19813873616298988
0.8076944381111151,2.8914332001790415,-0.032816886123306244,-0.1365441385986994,-1.0595525895403954,0.5386528810727189,0.5836731462482486,-0.12354946781205017,0.2622238808135142,-0.19291675861007507,-0.39819539410056515,-0.24126020458380676
1.5865519406051962,-0.718788184108403,-0.22998999026769718,0.8779639236510945,-0.03767557314935699,0.41626572543092877,-0.8071581643429182,-0.01660820542622027,0.4390062879796197,0.23382122827208446,0.09792094067117918,0.0670382186806702
0.40137568326187084,0.9670518178445865,-0.25437050654424126,0.6695727010647241,-0.18567353025951783,0.05867946781602451,1.319168795917179,-0.3693683113808752,0.25043124207634126,-0.32139628314351465,-0.42183202582706236,-0.3736589037888383
-1.6778922434748047,0.5674177723523142,0.17658912758848042,0.20927895389820103,0.13178768598061397,-0.024449184808297608,-0.2844957015933807,-0.41768533522625845,0.5223810352741478,0.1482979885379372,1.119202490966728,0.28980165511153666
1.2393895434929643,0.17707630229880436,0.23805042500339701,-0.45617167547340165,-1.5675217550126352,-1.0287453842884817,-0.4637066591177374,0.2597088134791415,0.28153172802861204,-0.7108757011712152,-0.375879646365182,-0.27530636534177877
-0.2989447308655507,-2.140967957863454,-0.13724636140393326,1.545103843940615,-0.45505570717702093,0.6137288710394136,-0.5022428462871358,-0.7817340788916807,0.4287755659259711,0.16924735790410772,-0.038635553563265396,0.4940269380860177
-0.2824393895070701,0.2286017695378243,-0.423672893321675,-0.18202537745090636,-0.8787594576481002,-0.30749294876363975,-0.05486221678361741,-0.9386487713505964,0.12105224993801778,0.5117929531510823,0.03994530626115769,-0.40969388944863316
-1.965385787976642,1.746672896593735,-0.037264845629043974,1.214646143384363,-0.16119484561911823,-0.5934220520084775,0.5857517751999997,0.13338226744589404,0.7512334261719273,-0.2287938920819385,-0.30808348661178653,0.05791588025025937
1.7111707815845232,1.892866929548899,1.9008798634856787,-0.43686160397967266,-0.8634027044174408,0.23388280930667954,-0.18236220891459592,0.8287392692234334,1.0310806213821218,0.41381686017390357,-0.05142016496261492,0.6029118860061188
-1.3783950438019754,1.2915834310382643,-1.1274646852486585,0.4918952568975701,-0.2063331503217809,0.3124749240842324,-0.20241597043049092,0.2903225561645894,-0.5033902105092267,-0.6112083502373706,0.6682135277767108,0.3393151115266372
-1.9717455787747558,0.7754467885835109,0.7725606601795196,0.17193631007252622,0.20612619091952944,-0.22454920491862884,0.320459549458323,-0.005341130623030266,0.7858211966658184,-0.11653385981011338,-0.33746353695789216,0.00331020428155257
-1.2696453251551723,0.6644171911853567,0.23502464629437514,-0.09788629485641057,-0.38661096421326047,-0.34016880641971836,0.6053657424158713,0.08037964486523758,0.7570591336280883,-0.39855625011700213,-0.31205695604940153,-0.06796775907737487
-0.422311768159579,-0.5354655577012177,-0.2104659438875155,-1.2814678008638172,-1.0922202537031789,-0.15284241771622686,1.170318937179151,-0.38478157089958676,0.42800012905904405,-0.4104111271166898,-0.5006959794514511,-0.5743264006833232
-0.9087429868162011,0.5719920627875369,0.3020800386420875,-0.5220852908160678,-0.2941235900826574,-0.3191312895257076,-0.38113578642732643,-0.9484902791055296,-0.0631308890029404,0.03228627853997856,-0.45495305594898705,-0.5420920862806248
-0.8600457323073785,0.4274792407042147,-0.12743498355304267,-0.18272222257097784,-0.5537346924804096,0.27415164999508457,0.7910042135431867,-0.3943641416612594,0.41148655610423335,-0.13273515930113813,-0.4934592299992405,-0.39856433735555286
0.23645409860264904,0.7699865259613332,-1.2812100450204893,-0.5022786797926456,-0.6691444962145008,0.5571296576013375,-0.9265373942439536,-0.36979202146667295,0.4646763854030078,0.21365618508190304,0.23599516625812508,0.053669611047576865
3.64544762011361,-1.3202022001865517,2.711318781896923,1.6093862009190185,2.0494699482990564,1.338226032792058,0.23288219818964362,-0.9294897621479685,-0.478777352852465,-0.4705930556469281,-0.28454226261072296,-1.086223963788948
1.5559867806800758,-0.439312880992035,-0.2486368284577683,-0.2189371355792724,1.93982139685865,0.31098730536631614,0.8055075185625216,0.9522943109053605,0.0889794745574326,0.5115194187768057,0.2854464508633221,-0.1808774796281328
-2.426035605431546,-1.566470634326079,0.42372883219822416,-0.25384754333600723,0.47410580601705365,0.7996677481952653,0.5199017209049617,-0.24367460310659445,-0.03470155420197374,1.1622351526314265,-0.12684806492309172,-0.05974708954795993
-0.8206518535086209,1.3364576629625626,0.035889189190636606,-0.9913557300117801,0.0002608008732092326,0.9481984219719719,-0.003816132270448469,-0.3400138779966941,0.4413821323824527,0.19982033075781414,-0.5143203495024199,-0.24530540997741063
-0.4947281647044763,0.13738406459029628,-0.4300736599266616,-0.007333974848823449,0.46826284759497383,-0.8903027084546326,-0.855931180265397,0.6408559176280939,-0.4057680761842499,0.04179904651132205,-0.4814657686148224,0.08250854369845509
0.5990306676749559,-1.0186523635976483,-1.0225646391046097,-0.0009639401018825544,0.14210236258775255,0.005836171354652309,-0.9644029282432491,0.03184730950961129,0.5730232246298501,0.35337953050019144,0.02055035547879208,0.04371548311347498
1.8300459022906044,0.48644594785367706,0.6655592828370906,0.7231648671642567,1.013809035827693,0.09074377521034255,-0.14082011367157993,-0.533116538593658,0.006572109407268156,0.7104691940694696,0.20927673962840657,-0.8036538732903922
-0.7049421824789306,-0.27078618375480085,0.5795146644026012,-0.4143017826043559,0.7745389803719678,-0.009542862398883578,0.21469771225179618,0.019749329777416558,-0.5811301982881755,-0.6067558422887156,0.6693082045410224,0.18273886440501
-1.9947869586196392,0.15771637699060953,0.07589607677519634,0.09676209365408298,0.4658767104406387,-0.08717767925651798,-0.9803956082701757,-0.5871181412569035,0.3456313369062358,-0.07001833446726144,-0.30943376649341736,-0.13055146771666667
-2.1049298477768534,0.3383053379141981,-0.5798868560492543,0.6134720895644965,0.2956181301310231,-0.1891324173815534,-0.8486975346097676,-0.5342417085875074,0.34790619895960795,-0.15000141495690697,-0.30466407571035237,-0.1160452173654348
-2.850847759272451,-0.909795774109109,0.460341152065527,0.4334668841031204,0.3691683588016119,-0.6297917791986049,0.10275890502574186,-0.48144144510615167,0.5569402271422694,-0.33952872475404394,-0.00606765344048818,-0.13264927225254194
-0.18968968011738513,1.1979406431601336,-1.0781875336189772,-0.16655603499101795,0.254903011485047,-0.3000433174663829,-0.23472489390645151,-0.835565194887055,-0.12210109633054556,-0.05799254952953231,-0.43581700786789423,-0.4564520122080983
0.5434648352280194,0.2956209310712863,-1.7249704410791264,-1.7884867577609993,0.07013741819907615,1.0137619602984485,0.5300568406638668,-0.19925087106132816,0.538739369963326,-0.3371838192707372,-0.6313861497474567,-0.055738548584691044
0.7703866524605119,-1.7584920682603948,-0.06878815639199931,0.30574621215495734,1.9641342748790092,-0.19617919790853555,1.2801051566902113,0.7969207451473219,0.1251823753532011,0.4268681896178875,0.2597954254155832,-0.308256677332323
-1.1477901315744272,0.5162759099417252,-1.6371907550610367,0.11404785101162015,-0.38812231299483285,0.24973930737632355,-0.4336945139216432,0.875634667178036,-0.32408842786742514,-0.6440790967486998,0.7329418003203053,-0.24416280245486363
-0.23923283684481006,-0.2953506915540689,0.7980966553092189,-1.1229391222680487,0.8119255955507141,-0.6020894389394281,-1.1555101556196488,0.5350588179819982,-0.40545784126884815,0.19495976049451685,-0.4931236174902853,0.05331360048181458
-0.07197428596918964,-0.11356137794169463,-0.17901951336462585,-0.5994908743536365,0.4149597403120735,0.05487907349216775,0.2456605296644482,0.5649413958507659,1.071823232004114,0.4339735590518477,0.2371130201982213,-0.38798177877216744
1.8210889388703542,-1.0788442607417545,-0.27869482710643007,1.2324042704750502,-0.0415880592922353,0.9515150843919309,-0.7130684719819353,0.43643206127872664,-0.3853702195157392,0.33878309821592895,0.10951732954014332,0.24781651665937168
-0.9601037058130983,-1.5331594099838473,-0.030805611574574426,0.8927805495172416,-0.6550526898099053,-0.718381401089954,-0.04695387146646496,0.39537159677956263,-0.1790141190762513,0.34567941152618065,0.29041893406656505,-0.537196395678784
0.9438044504643541,1.1380790642991014,-0.16136119600151416,0.17695950901312682,-1.1383854411848358,-0.2363812767937047,-0.7911733086293125,-0.21564443214580714,0.17942158785057405,0.715833122489081,-0.11059176958429873,-0.22213401725020385
0.5801240592061521,-0.4128124158706711,-0.4287482332081307,0.0746654431783921,0.08531929283030226,-0.31620440677405004,-0.4157234302324149,-0.4569435637685556,0.5171369766483775,0.1787095804940556,-0.16612550158361802,0.8573453412812824
-2.0439466008514473,-0.2554461639546545,0.3010964914768296,-0.4524258906139602,0.669262326278562,0.5180758064995137,-0.7234127626237981,-0.5346171076269028,0.7773910924727125,0.5844537752167676,0.4982572225424474,0.44197934564992214
0.9016368809972619,0.1378595777692348,-0.3921418161317267,2.5511519182602074,-1.4727064588954089,-0.38042365345983475,0.11846605203152413,-0.288336900989183,0.22580367327088546,0.28288147540053515,-0.1827430346311093,-0.004401921673513137
1.661939630036428,-0.5298785442356411,-0.7773185428254727,-0.8953095437935037,-0.9602708513498575,0.12124656416387819,1.3552999840462112,0.715704681239532,-0.17007562648357277,0.3194047796351821,0.11794589630486574,-0.7181957424514387
-1.2657132661961354,-0.8639087943976367,0.5137115089872291,-0.42345976738691604,-0.7926608504102541,-1.0917317523964205,0.839687598819874,-0.030336252984027562,-0.29385025585038466,-0.19309947741638628,1.1626812359999295,0.40761858473849233
-0.9771051986546782,0.629031636921877,0.7698600372739333,-1.1066096138837282,0.12193906253341846,0.39702235290896937,0.06804045492135458,0.10971725281909223,0.9064624513922321,-0.2753708188627298,-0.45535684844142477,0.29343841207246213
-2.0453484927967818,-0.5515394819775362,1.5709469287412023,1.1428529113976256,0.3110307985834938,-0.36156134609616974,0.030599414584641826,-0.7482210796920601,-0.876788008858048,0.36121004962024844,-0.46651329983751133,-0.39823015851926347
2.5599074394239447,0.5429526254091819,-1.4094624244955152,0.5660157729245835,1.2276075239388669,-0.6822290688165517,-0.18443317383241292,0.2753242229412824,0.24951615096686264,-0.6749640381032789,-0.481008399400613,0.23819934162448866
2.158526615936835,-0.4943520651129525,0.07163396660343013,0.24454546924637985,-0.2343567619089197,0.5528866676935712,-0.448926109019857,-0.020471934702963546,0.3923051243376321,0.0011633995624018567,0.40995131627745907,-0.5881959805417757
0.045009225714857826,-0.014179105636717898,-0.5539384985292987,0.12489989443510588,1.0633962631887504,-1.6790167856206555,-0.33089751018257957,0.1892940137119929,0.4532737907291824,-0.3267144364066741,-0.5889217683280502,0.15669822131615177
3.518745871540907,2.0064071007845214,-0.7918035461755639,2.4863131722070233,1.1046136659702863,0.3262540284355825,0.29354889837364473,-0.3519565128689693,-0.19008073867270237,0.4075692510178133,0.31657616213451856,-0.6583587774598824
-0.8635435369020434,-1.508163678575394,-0.906424566493898,0.1043576522153424,-0.5346213662983235,0.782632728014504,0.32757408832370094,0.4442367312536886,0.22376573175753078,0.42913217178912416,-0.15396311267913385,0.848580941183374
2.5123597527595782,-2.026305468164578,1.626581376797962,1.9324357945687802,-1.3087904773660592,1.2071871186140908,-0.20466290794674674,0.29616954653408617,-0.7460877545064621,-1.0333218167487819,-0.3967834581830407,-0.14168024259818243
0.5700641079470228,1.2724930546186877,0.020499841761273785,0.002258174564605947,0.7221451914635979,0.8556621603700632,-0.3647542449885027,-0.20783343371676088,0.6610470475851689,0.23458591724597583,0.46286971242673647,0.6010549566151477
-1.6315453305952232,0.3033532001089156,0.3313095763903082,0.41597164682436316,-0.02691521988843204,0.03737911819716855,0.16006801301155485,-0.9308548098210645,0.1704018537266856,0.4403235279797962,0.9360372188812283,-0.07989868140248244
3.5749375629358298,1.458693792667106,2.7801563395812168,1.5758149164468211,0.1288136016316409,-0.896897163743673,0.5221814879325745,-0.36249403466294833,-0.3483691428932559,-0.5820336950742879,-0.6624109572149672,-0.19164234034685831
1.198176441683348,-1.8579017652100964,-0.6942894434912167,0.9495413240830741,-0.23633398816040058,0.2563560583463663,-0.35553790572836713,0.4261147599874991,-0.316728643151197,0.23233864835446133,0.07029023276215018,0.13059858452317744
-2.222573213776052,-0.2108273233133096,-0.007199507050870996,-0.003251721820422243,0.1767199296907872,-0.12116357389596655,-0.02323935251673942,0.06972344635318223,-0.4430887811831461,-0.504497079552873,0.618225929206086,0.2010129895590728
-0.8745818843373736,0.08480863504062744,-0.1032874948513953,-1.2358575846287538,-0.0009086657663351927,0.5896161473741881,-0.7652060361487341,-0.4723656733110396,-0.8095554622934543,0.2860675965550172,-0.4888207435450399,-0.3281216098709481
-0.5797708755851615,-0.0673715914741636,-0.6078278956161551,-0.18382012111368284,-0.5579007882176414,0.2536468515149435,0.14118613411294123,0.6299471564017534,1.1306962181065117,0.33228185870438637,0.23614885798312965,-0.39788861740263415
-1.2548922164391199,-1.1476790935736536,-1.5315202680836206,-0.26037228056405726,0.6617555500427024,0.14479899064846224,-0.03204891910065083,1.104620967475929,0.1911719343402798,-0.0036389944594082124,-0.5913294941343753,0.2133599382183561
-3.5079637632097924,0.09135126412068109,1.0049209922930973,1.1596195521362802,0.8158140341156597,-0.8150360508903304,-0.050528813329289046,-0.5630676284210345,0.36886587921154357,-0.3475697146025395,0.6016065418096558,0.07797078666868532
-1.2869550988818121,1.1239150344098794,0.3745902523538291,0.24879461490857355,0.09621651483967952,-0.5014065001515658,-1.1881056776781382,-0.4319327371797026,0.28341308053033654,0.0194943859960256,-0.5563404884057451,0.5221269586066547
-1.9443028504437105,-0.38475316899485246,0.10449698541510039,0.018132846917541218,-0.14447307055354597,0.10298011570980137,0.8831957474407279,-0.05607501970955103,-0.09332455560969066,0.9925016285186683,-0.0857445763179637,-0.057710116376901544
-0.3697620148046869,0.4841727202837941,0.3310222879336425,0.17338504497470472,-0.37520429773428576,0.6568538145821414,0.09596063754604303,-0.8841100087820628,0.08959323169931421,0.25498542598804025,0.9891617010414111,-0.07279502129640411
1.8017534410847993,-1.105218170909893,1.4883256910752247,-0.8241547016155235,-0.7616964190756386,0.9482999470608895,-1.1100836532381888,0.46800938240180573,-0.5782502149842125,-0.5759688859666758,-0.5011178042508733,-0.06482857832413932
1.5904725865493623,-0.5846834128163141,-1.2750112573778334,-0.4304589501283791,-0.7477565922535658,0.030788320656324364,0.3880232798964226,0.2845760074877958,0.484312416021637,-0.6517375248117367,1.3039052996521718,-0.4388876867139383
-0.736411324269102,-2.204466783947792,0.32141419272339433,1.152225776242899,-0.9257614456790622,-1.1182522927202143,-0.005874331108064512,0.3743659790976405,-0.19741629861306131,0.3425369089706904,0.014964975127732316,-0.004672942941904873
-0.4265936807282629,-0.19526828265611407,0.41575237069457227,1.0051246544378467,-0.08850186164618445,1.1891309685586655,0.40104413643616366,-0.06905865732263916,1.0241184989338905,0.23549950379508366,0.07600517173023116,0.4911509607498322
-0.85967295637181,0.5520873129154595,0.5706944201566578,-0.9886998134898207,-0.10033379892805316,0.08694377283939414,-0.6139383891899892,0.21697045429545087,-0.5052813086097516,-0.38554212612773026,0.37007699778015557,0.85625241535666
0.32350668518927145,2.037433228865903,1.1436300506465242,-0.36565077209661334,-0.6773746498556282,-0.5913499053949224,-0.35338614041837263,0.4450726911374719,0.6891448971924063,0.32999966884379817,0.6830506437808163,-0.33862403651855644
-1.9855720074430012,0.31295194481818983,0.5354925201410679,-0.5369187410583278,0.6075650068940066,0.3564792759318534,-0.4505840172628129,0.14420171605250848,-0.31772684262479356,-0.37321552041675593,0.4895593263396327,0.5925017825259679
1.1303462549429422,0.20509748435715708,-0.8459443182212409,0.21383159179933084,-1.227070051681003,0.9178305221142948,0.028587587246450885,1.2562975477594225,0.2127010425033815,0.32438537525850547,0.027015173177821872,0.41631641631472316
-0.6108803557013268,-0.6334575209210287,-1.0112318329971552,-0.24530118599869416,-0.34045502932584076,0.7483584504152592,-0.49007187024181004,0.6234803541173899,1.179263247156534,0.5315905682543012,-0.0748203097272031,0.25774815634971204
-1.7811826601704337,-0.4884932393901602,-0.8965986567406755,-0.17492036205779954,-0.2573903354389288,0.2499412632813922,0.5752091039512786,0.5292649403304817,0.04691997491168198,-0.2828005268593915,-0.36230932591399523,0.08456284990895077
2.514479977388449,0.8906809696485003,0.2716159859339735,-0.10631933967249824,1.0106166940568668,-1.9051832578719128,0.617198907430616,0.18721788830466202,0.41804449536084354,-0.014280969566980092,0.2832472409026071,-0.31737774235804206
-2.5676144050322987,0.011003765062945647,-0.5137308862468014,0.5468298894736457,0.24438089023831044,0.15781029690235415,0.4039129414906401,0.4833469672883461,0.06147841600666715,-0.0158014078636754,-0.37762539804998885,0.17700860580607405
-1.6499474359617854,1.2041347300079717,-0.6042647485091167,0.6633558164181833,-0.2478976195724485,-0.3893297362390503,-0.008084743812857398,-0.25122928071102263,0.28866478144722607,-0.7837357624612746,0.6720328173173583,0.10585525263437992
-0.6923103636836532,0.8398156721755687,-2.264645892302741,-0.29283745626680824,0.40311479778271553,0.9275752066607981,0.5383487310055034,0.22783073240775836,-0.3546651130244245,0.11795739523754328,-0.5305706761000057,-0.06724814914646829
-0.34896698549534483,1.5359037559019442,0.8156497206460062,0.9016113134760826,-0.19634212283719,0.024264827913814402,-0.2895144677315093,0.9004874823007698,0.03992431854279799,0.5111536582978455,0.5403981245323295,0.20714314637578704
-0.7949551593755957,-1.2326587181291677,-1.5867331247521,0.49358208503457524,-1.248813800610037,-0.5954858089735978,0.5114925285931989,-1.0011422705982196,0.17172254950842225,0.2035955129264137,0.019344080724620932,-0.5450260394032823
1.331618711122102,4.008865989097991,-3.8018030706266805,2.2867854747592755,-1.630011734253696,1.4807834226193561,0.13069321711344845,0.7114436582527177,0.6154300789088274,0.3864753659941293,0.19004260903118073,-0.335541178913654
1.1369946490603957,1.0389800196620462,0.5318278650375969,0.28034803118829144,-0.3028990831662886,-1.3401021582762458,-0.4976378877459044,0.18429648032122942,0.4408390131950206,0.3817353947111642,0.08899970717762407,0.05549566461165348
2.1431588048290324,-1.368331759811009,-0.7792362340126484,-0.37378194792560604,-0.8219504128043944,0.22803995566526258,-0.06939192685868673,-0.49662967118326173,0.05009225693515729,-1.2809974224555118,-0.5688568647345499,0.19457882300248183
3.475231926468471,0.11646084313888685,-1.5487276137623924,-0.007745004233528308,0.7133960447354109,0.0035506414531234487,0.500252057059595,-0.46248664948224877,0.12757315298905159,-0.33857020323773174,0.3586773643413631,-0.056585434593248995
-0.22700023274497888,0.8712207614682388,0.2979980278496043,1.353158090998303,-0.3403951589515509,-0.11377690794727957,-1.0658901408758494,0.6380661707413084,-0.4780335328886145,0.00804773047784027,-0.41139302822454216,0.1661868379560322
0.0757811647589986,1.0723380713129242,-1.2040467736128093,0.068760638279426,1.4582863224052414,-0.5836211050661618,-0.7957381628953728,0.15961014351296965,0.32472692567824857,-0.1674403785773701,-0.17381474262763155,-0.5779755165253525
1.0095033918511824,1.0540948000565273,-0.29329411092012486,0.4967281893133356,1.2754101954944144,-0.305645422663979,-0.6695041311274657,0.057446760566553956,0.435893513578387,0.5156200342093007,0.3505110554913643,-0.39820474122957294
0.5271402493183686,0.41225905283336045,-1.025892804714465,-0.5940854247694061,0.45273127781530753,1.1932695822127317,-0.09132226507224583,1.1916418634335717,0.034215611610222574,-0.1988678610084098,-0.2108729973286599,-0.28492934102299416
-2.0637149119605165,-1.2415957581914976,-0.6319003271764407,-0.3187209312016005,0.1667820733539036,0.03911895320793762,-0.27611223912708666,0.6955599065653744,-0.11913416082981865,-0.6025389284727622,0.548420769995496,-0.07060632836339506
1.683959907184054,1.3950007060981957,-1.7853604907488667,-1.2062031088761485,2.0148228749136603,0.024673603140984657,-1.0526755413192308,-0.29857543083558447,0.1133910212426914,-0.19285214480644125,-0.5201083533718256,0.6162885982327511
-0.8653904106991148,-0.8580113231367574,-0.2665886111645479,0.05794085375615349,-0.1778971988542506,1.449482559157059,0.5666329281745498,-0.10060483359906197,-0.14652440352827,0.8509942251711662,-0.047050398026339674,-0.015829799182794035
0.11618447528667336,-1.171673517555115,-1.5988995276338276,-0.42255141259116535,-1.0770497909125387,0.543981720450745,-0.09585407908503002,-0.9897523413234708,0.15579927478017486,0.25348239227746056,0.031025919147655373,-0.4735201546873218
-1.097689530941532,0.48508224156348106,-0.5230347388269821,0.036946322754144584,1.7780008799567122,-0.33443081256214435,0.847882215214671,0.5645226522339348,0.0470825097186468,-0.08365863802305017,-0.47563905820949237,0.5162966916493601
-0.8751459877461979,-0.057892320171353595,0.4175057259707676,-0.6594941372352054,0.03527817739094463,-0.23624097187367277,-1.4373035885345173,0.5944090133444135,-0.33905971766439336,0.19287823691216227,-0.49983220134808615,0.08894414256180164
-1.4677705102967373,0.5219229630025612,0.6371791116876601,-0.5789296152063406,0.06838430997000744,0.21580341549921422,0.2868797478844299,0.5224992424386732,-0.011652382388861904,-0.023145579641453418,-0.3406722672368303,0.15671836140791653
-0.4212320640985836,1.1434748198914224,-0.6453862147809013,-0.19001451744459952,0.29429601281618745,-0.4680317344313496,0.13260059236317484,-0.5905094205914252,0.024066411630727536,-0.4256407777922699,0.07708375894774536,0.6839156399569619
-1.5472380141871556,-0.0026477192857268794,-0.43937420834334295,1.2550296111258892,-0.6395888514434624,-1.6918373364758632,-0.494891623971041,0.14579845459501994,0.4369277763141277,-0.2913907386343076,-0.4730559763794534,-0.18179388394652193
-1.7243383780345478,-1.6818434332387484,-0.08200359480549882,-0.8978635677922842,-0.4100804454464475,-0.17705365280165097,0.6252596138696245,-0.4995690966808445,-0.544824215522333,0.33057210292983763,0.8842081962626622,-0.13172344624392068
3.051770817276816,0.23229093426828912,0.8776046995712778,-0.24805319050595392,-0.8092138440381443,0.591567023666794,0.5662361237309191,1.168760906536254,0.006192006954387708,0.17073106419994755,0.11073213759570594,0.3338764009293501
0.3825752127023068,-0.5418895668019936,0.22914108288326607,-0.9026323567040048,-1.3555993415425514,-1.4448123044472152,-0.41806022512538327,0.1978654935522074,0.36738949854891456,-0.6253851419248716,-0.43076646147301756,-0.3405580116629455
0.5696188492104703,1.3498108596571923,1.398758609127,-1.0161435400144423,-1.1350989822242004,-1.0632950834924797,-0.17929103779882866,-0.3171353083564662,-0.7615063609941366,0.9086656612882824,-0.21297685779942752,0.37046494292353294
0.8446350526575197,2.414202275147783,-1.15834228148075,0.8735716062438623,-1.160338933876172,0.36530708527587274,-0.34196214223419025,-0.7113120852451987,0.0019050455947580147,0.4767689486753683,0.12282132716258046,-0.1918649077481798
1.9961479481551698,-0.4928908269435074,0.5897374075720561,-0.5775860126239114,0.7870629876450206,-0.08391698674669779,0.0697235420794203,-0.7460708385431711,0.23761120234715483,0.026327835813314604,0.33647058188765455,0.13823128777607244
2.314635549653033,-0.4484096117873606,-0.01647777061694511,-0.40383582410771157,-1.42555828799899,-1.5294327855148033,0.3871216301392054,0.7081342867206863,-0.4002163641809128,-0.07158083084455401,0.11987232990782881,-0.02114862964999517
0.12266350400464737,-0.8946993398919518,-1.4530730278653219,-0.32467276374560117,2.153958214021607,-1.034826245685716,0.03119153817692022,0.5636663866405212,-0.3381284535495297,-0.2747993299229233,-0.33793873541451996,-0.27915327954412283
1.5913912947422466,-1.956290918376325,0.42239247184733864,-0.4276078776032999,-0.5679680393431497,-0.4655435830394261,0.16117653195199655,-0.7438930798951491,0.3162891015793541,-0.17289593508486983,0.03747363368193743,0.5646110079543687
-0.478558494162155,0.6133693658590893,-0.3293851039412702,1.7177489231004779,0.3060694154524398,0.14396559470818326,1.116948814831019,0.5042374073678644,-0.1844700541879679,-0.3727545034777337,-0.254363948277907,0.18292865166714775
-0.2658311979027671,0.6706733499935937,-0.459630037690679,-0.3510683011508178,2.579844141692668,-0.5357315314775511,0.8567998764260205,0.0495582690458673,0.7726430904535782,-0.22992039307101886,-0.456281683863647,0.36161217399987666
-0.9143410975674994,0.2262936539105347,-0.4322571236467969,0.7164538352628749,-0.31523130549443673,-0.4215571603280569,-0.8170057391730459,0.05720806655666111,0.6300326888145718,0.46284812141406045,0.29233657374779676,-0.5092417689558311
1.9187037472643451,1.750142176763002,-1.7497931731304477,1.9161837404556816,0.13458787235011782,-0.6132503739769725,-0.07399614599393617,-0.17582304630109175,0.018916779347948554,0.5572273614593799,-0.05853093976681023,-0.11702381197902276
-0.7259066297532955,0.716280192022674,0.8149086205566967,0.814896466847529,1.6722747933804152,-1.0137044336019776,0.5458168398139286,-0.4092083339123242,0.3022627770171773,-0.3506392540446335,0.08814652789237265,-0.0109820959667358
2.081591026869719,0.980637467237345,2.617201096262943,1.4622325692587381,-0.829084820188839,0.9212174364216399,-0.022118961046279306,0.1862851248951089,0.20469529559260446,-1.0216746778915333,0.22653865170807294,-0.5817691511745504
0.015557157683568523,2.2141594857687674,0.32672079406037813,-0.44280181959790665,-0.6585387607291315,-0.3657254384224783,-0.4336035086236579,-0.7615992097348403,-0.1520922526970232,-0.008903576660888701,-0.39793787339759523,-0.45079899069416984
-0.40229761838797395,0.737681942592235,0.4867189352362208,-1.4032197743895771,2.004287657507497,0.26047734992616334,-0.014018418297412294,-0.39694165678652105,-0.9234188745614424,0.10172452543462351,0.4499255719338833,-0.00021619195250932588
-2.2564071361303983,0.1610003125443688,0.35673653247416154,1.1151571491063959,0.6451391432389302,0.5250061051710151,-0.0603402952521514,1.044722206870244,0.2564108282342574,-0.08303392696869193,-0.5285457896558716,0.015494674395430758
2.1554089196027157,0.6031577383375164,0.12027545377214674,-1.750045660532588,1.053062099910639,-1.4183302787659846,0.8124286123872014,0.17269866892680535,-0.5545060302411619,-0.12350354870490104,0.9545523958179885,1.1460042451023633
-0.2661613674839841,3.2376187243934336,2.251674810841045,0.05052162878471475,0.9393549076481782,-1.1524544108458668,-0.417577447935822,0.33256897293312265,0.2395081698335373,-0.25863090381909454,0.8148155481256367,-0.2881743376532564
2.318509559813236,0.33575927347930923,-0.11800032454902765,-0.36283695301397945,1.8269593962981248,0.5135926027431816,0.5347727696478212,0.5233362745214485,0.8313322394685703,0.33040168209871446,0.32587985698997823,-0.2985094644370778
-1.6903099156070485,-0.21953328187469345,0.5168766151087709,-0.7084486394328944,0.09588344229771428,0.22772538302233802,0.3623817598183882,0.4605136319492951,0.02030671552283536,-0.06761169466210853,-0.35965303529929704,0.10118964944295458
3.119440033984658,-0.8300733701683074,-0.09182235795873497,2.2229803085855355,0.8485188555299554,-0.601183231707756,0.6350700339638748,0.41363002614672645,-0.6032156403177715,0.06304415411730968,0.18166457321729854,0.16317152217322087
-0.6811497674760567,-0.3766297624272603,-0.005516780164707025,0.35195559237663776,-0.8191234314505005,-1.4994530405921926,-0.47719813612640877,0.1744257313371642,0.7591413509360938,0.30431869821204366,-0.1202453244538727,0.25193046845666867
2.8896652863516072,-0.059209709134666944,-0.9670331372171569,-0.19402960636340172,0.6587157385155564,-0.6538463961328959,1.2629534399869886,-0.3861606057552275,-0.8497422808862531,0.14177614576933467,0.011935984171992847,0.007423301415764139
0.9447359491049057,-0.8831979431631989,-0.36544312347616975,-1.384264907590615,-1.0710915545075532,1.4284826950559215,0.6721746220051574,-0.46970302055644503,0.5791004756857823,0.2818990670522716,0.009755452712701701,-0.3108851297421432
1.5953082457784797,-0.5350510650960164,-2.583543469440355,-0.4297448600320457,0.3851234716879238,0.0801650872145111,-0.4290689478319139,-0.3974228568644262,0.3713337115706685,0.022762949751059913,-0.0388466358934518,0.5825921658303581
1.3410076784458287,0.964153459086073,0.7378506614240284,-1.9130768897128316,-0.09321578593085034,-0.3356407191970312,0.1951387862500669,-0.11390699839477081,0.6484586698735577,-0.04713373748577615,0.4672526025296577,0.37366778921002486
-0.8225789127697489,-0.007463945181238774,0.3086221697453376,0.13946523939295227,-0.7592142907602875,-1.0535723897077247,-0.15993652272769437,-0.9704715863637434,0.14084560462033102,0.7550184298444453,-0.2650181433385257,0.17315208718628186
-1.2408796675564846,-0.014793709275487898,-0.18277306895811674,0.2707425233873467,-0.1552150234370387,0.6658702476331169,0.2102110259441749,-0.3783834078156103,-0.8548776563840648,-0.30661611475752365,0.4772789680646413,-0.10138527942062134
0.47723427145527103,1.2203873941945942,0.5804999249378215,-1.0997373224610316,-1.1911472965785865,-0.6974125715353964,0.34416295058569474,-0.08445244632717891,0.34299763892713364,-0.8660594644632833,0.13449238991072743,-0.1614066139652213
-1.4132636431732497,-0.05868429742604442,-1.0466938618397803,-0.0696409700581109,-0.2725633498822061,-0.010030718951072104,-0.40589672495766976,-0.9520583165957663,0.004104048399775961,-0.045033567099330485,-0.48475290171858587,-0.5344047763443373
0.8407350412846708,2.8921043245547224,0.9321544857679566,-0.6412494748662678,-1.1168287228515543,-0.7924648608532748,-0.4525536380661454,-0.12271674628773127,-1.0174676885611742,0.20936115526908017,-0.6496897784432885,0.3290359887833407
-0.8374333263984488,-0.2617189702589517,2.0344072216434674,-1.4956439616582275,1.4360763146810571,0.07692539609306398,-0.0048401765241321,0.9882296862444102,0.21539091461661375,0.21550412828806592,-0.4019271625712856,-0.08361069219535952
0.4558280247417122,1.414225088333905,-0.6201628363526381,-0.8235759033239368,-1.1256666914121078,0.3668724491890135,0.5027624477880925,0.9116773172066457,-0.2961210921714596,-0.02708607143413226,-0.3768679821702642,-0.7044786137970236
-1.9306075605992574,-1.008909861409996,-0.41071944510653957,0.16550419874518948,0.023710250351938633,-0.5170653560817956,-0.6842735845305619,0.4766005503906083,-0.2865074331120854,-0.07250487268543228,-0.24216398854415294,-0.6134769370344362
0.8303156854640379,0.6594803565582543,-0.8616267809739765,0.7519836409318055,1.3024296216846876,-2.5037580376364934,0.22013619327412684,0.1533498543135366,0.4257472333032377,0.39695376524502873,0.04657198112576377,0.04753329835862832
2.223267169225559,-0.946350555097208,-0.32064318383397095,0.989701258483356,0.4973687417674828,-0.10295772167245476,-0.2832033696310496,-0.04678444620269251,0.3589693219225094,0.10802584395340398,0.11783779285007234,0.018211597684068576
0.3340017500022601,-0.9512145278429402,0.9090239393629573,-0.24653562575017213,-1.0640477022859032,-1.1156714066094962,-0.47895699144479437,0.021547794922400054,0.5556295211513516,0.24560665811113563,0.04531519315345378,-0.12901281040022003
-1.0186610840150583,0.6247544181847484,-0.2776940720638143,-0.5535309864697483,-0.3311837849268969,0.08454107105659903,-0.07150026272062454,0.23039581504701473,-0.5089915934293805,-0.6765252029132991,0.6648486565165199,0.2221268528797188
0.6427378291013137,0.5617559520134272,0.8290888194139919,-0.27482156887723264,-0.7297843750281168,0.2778802268214031,-0.5700980663341939,-0.4461947947647577,-0.7584448407129697,0.9308505411793544,-0.21006703459883444,0.4503756938108726
-2.607025054173732,-0.3301031061783206,0.10912987354420958,0.32697360272754883,0.058044384248710945,-0.17156818953147002,0.9525739920529295,-0.03975456295960342,-0.283658389868666,0.2958819477605089,-0.5694941244776047,-0.2415556289493165
-0.8357115210796902,-1.2242580937228709,0.9370414465825164,2.9154762280528996,0.11123180520058384,0.8528660757798374,-0.3540185485590814,0.4683050155443677,-0.09303024777762592,0.589418608773078,0.3811962793560537,0.43802750160703885
-1.2157554608447863,-0.6165161708168078,0.9478135716490483,1.199998397739909,-0.04637303272520388,0.44529022476760216,0.6562756148479312,-0.22159109316115277,0.9214483478329623,0.37243621117381404,0.17855109412259804,0.11352475826039757
1.7835495685792513,1.4222458484793883,1.7926229544634564,-0.7596547895155864,1.1421106039961584,-0.7749699176404613,-0.4999176990630189,0.18919469026411395,-0.6247521746583553,1.1978730519459495,-0.2404278638773939,0.30053493055899494
-1.0574399547976643,-0.4697667470106581,-0.8609480204612648,-0.36949488675854125,0.7390708895506697,-0.23346200750502455,-0.4053100170757064,-0.05517601509168135,-0.5030844587407008,-0.17712139140424976,-0.3039756755136099,-0.0353556830732949
-0.37944978199544466,-0.9576962841580396,0.49821121049161343,0.1827919382042558,0.06262028829645472,1.0269650308218,-0.6700434940189846,0.08055424133796263,0.7832682184235944,0.32138718688465706,0.6285813673577242,-0.3867734602569006
-2.4592938057915403,-0.6156750387707304,-0.5309946469961401,-0.22446360532405138,0.2981598254756276,0.4299200460638978,0.011555078013785969,-0.42892636391319533,-0.7273510950244406,-0.10292975611619548,0.3987104527493003,-0.11388021052999725
-0.8199875738291456,0.15135988953335533,0.17622611940792451,0.027697098841034856,-0.7853117812919816,-1.0885657526329044,-0.19466710609735122,-0.939288051915105,0.14757662720594067,0.7616230931176657,-0.267865641418945,0.18248042402702094
2.194403640340698,0.12987648085455206,-1.1201729492145014,0.05135155711154635,0.15437115935472334,0.15548653867559348,0.596516150817952,-0.44606400177886274,-0.9027179704199697,0.3602574203258155,0.12210270670048168,-0.21372930066218146
-0.8975543230758192,1.4347081103050487,0.07100198906875672,-0.2952863254543953,0.13365879419869497,0.13464487177547158,-1.155010522741694,-0.4215595756750077,0.2707045083247457,-0.12607354375539018,-0.26037122295089343,-0.05754459878610371
-2.1698469487976317,0.21423551558406695,-0.8323301793940445,0.6948605256528368,-0.18186036039414744,-0.10749696271199749,0.41598399445730644,-0.3851763088349037,0.513300103426759,0.1931640639152678,-0.8375634865367947,0.27652209534105476
-1.5650542864856987,0.4465239689438034,-1.176224913765683,-0.2550589626937526,-0.07983135751572867,0.8527467588269599,0.2543104412693533,-0.3738877891927973,0.5074855320202192,0.06660846151255939,-0.5450533870228685,-0.2903789127006176
-3.1508814688636217,-1.0513785960763273,-0.7676702286231225,0.2763166465670944,0.47344295763155264,0.5549621814833882,0.551838067924375,-0.10067693930757463,-0.19861877457491672,0.394994183697909,-0.6154315673673261,-0.19497253228525757
2.228051155782009,-1.3685889161549276,-1.2086495614509523,0.543144235008669,-0.3714935986048987,-1.107283237307473,0.5293750750767418,0.5844862052655304,-0.41015005957348816,-0.08997670905650533,0.10448473409841758,0.021931935075169356
0.7543767482734991,-0.19228319609498457,-1.3688288906393424,0.4370126723148565,1.3219362810392237,0.8414104219109293,-0.5621994393055882,-0.5402541132862284,-0.7668088564997295,1.0162203018034157,-0.24894125916374474,0.5786718245299702
-3.017418320420309,-0.31251951244833154,0.4252008689501521,1.1226878381174854,0.5733160521485381,0.03495379873212634,0.25180268880742973,-0.5316030206552229,-0.7766797833681508,0.03396279909049105,0.4181758475931724,-0.08163260291375796
-1.4212656673432749,-1.1956572666975336,-0.4488219486934225,-0.4189444444307012,-0.3449867496482921,-0.35930196292579075,-0.23395360374545432,-0.08357822772035123,-0.45827319899322805,-0.3606317544348667,-0.30356056590763414,-0.16499141126368502
0.06684315504406918,2.1166497325651346,0.2585629254733569,-1.1311099281630275,0.6186804875399579,0.6023123995464298,0.35422158551100513,0.21783631943522813,-0.4635329606106913,0.3795352249217581,-0.4861072329619677,-0.03202663070822201
0.3365489396236739,-1.7949347653549272,-1.1998824744689696,-1.1068506711202895,-0.49581419571192664,-1.020715739463395,-0.025902555835035923,-0.512904358145837,0.4757271838246042,-0.022721564623900126,-0.08644727902913638,0.34478301041501624
0.4333085529954766,-0.8530414631578098,-1.0719944799335375,-1.5283178932333625,0.17582384312388066,0.014216425084824902,-0.8749432014235055,-0.44863685477655524,0.26582425759711825,-0.47263514844776094,-0.5585200664299266,0.3405688110855608
-1.3551192977120121,0.19406707044319976,0.7506391583661479,-0.7111192856941133,-0.0026133398920058504,0.32040370312709854,0.4375945005289841,-0.5335030980675639,0.6747497152747306,0.9391989638617506,-0.06675210729394973,-0.1846241944993409
2.576347595558165,1.1617706864211794,1.5032191821943108,1.3821948272091318,-2.1076844311952287,-0.3912293617921514,0.6586653231193511,-0.3797006305035371,-1.0545600424729562,0.30681451096343687,-0.06065808048311769,0.3311331270257669
0.22217646962414322,-1.9937974732139823,-0.13288181016918243,-0.9188231282292343,1.975974518125889,-0.6445493291996912,1.514071557351613,-0.2335106511918275,0.6340652876571065,-0.6081505797755771,-0.3254368331978291,-0.23969166080017212
1.2158130118406645,0.36673383548845667,-1.4949180285052859,-1.8319309537301773,-0.33565119671725996,0.5580627459877568,-0.15133371494061026,-0.5881937241682634,-0.12247132535347194,-0.6927333578397419,0.2263764967598433,0.3046664677581391
-0.592480847082612,0.9029395486669722,1.468949067679441,-1.0797731977077654,0.6513747660553166,-0.30454427725689437,0.9233027427988505,0.034433992284017945,-0.45249186728942653,0.34951950588448183,-0.5056777071980288,-0.20410915932624565
2.26126215713174,-1.0992881995346626,-0.8895150646018809,1.3150939206998282,0.06365131394631673,-0.20593776287895005,0.3953868297601171,-0.5988013837168441,0.19606975461781873,-0.22480983069791943,0.054972470521547995,0.47554314704346934
1.3917087099486942,-0.5719588334571077,-0.4708593313715409,0.22122296446297188,-1.6560978623519431,-0.4899279983042458,-0.2956851608757423,0.26820443804897437,0.3762903594165863,-1.2098123206066071,-0.618982219426371,-0.010391160490269086
-0.7482976585396979,-0.5775963546216645,-0.3762218795238108,0.5231913316094284,-0.5460286989949739,-0.5217798830102812,-0.4985024831536579,0.041089417093244485,0.40378280122266785,-0.5101068555649206,-0.16705970625267771,-0.8091475223544888
-1.2553924011766562,0.8246241251591933,-0.1678224923801594,-0.04957377029729418,-0.48044308968199845,-0.19811584660775927,0.3854463410499276,-0.2787688672314365,-0.6341115963037594,0.4762333618360946,0.9407684785228336,0.07786872543694037
-1.8910050812151324,0.5328003997697379,-0.8197178790065622,0.6484712464566965,-0.3426136893970954,-0.4283284818430533,0.2752401918319253,0.21449815717053705,-0.4836572528256624,-0.7000311647610324,0.6523612578354575,0.21780449180756015
-2.1346610049653276,-0.6712619890354445,-0.6772911112256446,0.15486468486742686,-0.222201648986809,-0.3364425510017628,0.31153206286214685,0.09706586922300159,-0.4373572715226688,-0.729782572399317,0.6219527386099419,0.12719558197318961
-1.8397185630441781,0.9554217679786297,-0.7139573425010648,0.7414663911753694,-0.49083301217991293,-0.48339127924701664,0.6041744450551969,-0.22279024935351363,-0.8363700969118208,-0.3343925540123747,0.47004145126244345,-0.10251881382730063
-1.2540751215723205,0.657298017140443,-0.3097055198315209,0.04522716748119135,-0.36979419970709315,-0.33957158681263966,-0.17131967584128976,-0.4105030825747157,-0.8463503295520216,0.16656927892544487,-0.46458743200880726,-0.3470325298299537
1.4615942840679836,-0.4563760205405306,0.23266275258939112,0.19578281296732677,1.0470019871431366,0.6978606039335414,0.5027036305360402,0.03434879051031969,-0.3708099710588034,0.15018853118915215,0.6162141865831279,0.2983639048517168
0.03237604624391882,-1.402661993110586,-0.33691054541551935,-2.288284152793136,-1.201059039012613,0.2517943770823989,1.2835259061507756,0.17059030852950902,-0.21740105397008824,-0.4543925217089137,-0.6437930673950271,-0.17589411666449503
1.8526797638752155,-1.5766075543319822,-1.09982508317899,-1.7212168967530124,-2.1153333684195754,0.024574315809209435,0.3495732377066171,0.08015740149269351,-0.4069259946607455,-0.42882741352122483,0.2804832773213002,-0.17226513966587192
-0.6732464640510263,-0.7567172230417487,-1.4608215169049834,-0.5357773845104644,0.7498669184695776,0.18062807227546773,-0.9352694352102415,0.5503508640888999,-0.3392226597763935,-0.11261460425790464,-0.22898226592360815,-0.5266512332750427
0.390920601595044,-1.1798963841123935,-1.5078270765452353,0.5463535033392698,-0.6234704310499234,-0.9669066322467964,0.20056565675195467,-0.49291189600980334,0.4053231124048442,-0.09557093758454022,-0.04010719491546169,0.41819212880897993
-0.19521843538039135,-0.5289462661729394,0.00477346535486857,0.18322900355529162,1.7494691403195322,-0.36942649407670636,-0.4931918222076194,0.4038718385667596,-0.4810343760001118,0.006956426770781177,-0.18699952108252785,-0.516721884940095
-0.46444353693453266,-0.06217224620415085,0.02197756089049474,-1.5980140932410507,-0.3022584481666301,0.31367651825883647,-0.2341947425933209,-0.24740907604174683,0.42811395048060286,-0.991645859712539,0.5372238696729611,0.28225760270087363
0.23860140497781374,-1.8737788800444883,-0.4610531051425949,-0.3899617149077296,-0.8767694379924389,0.3492402671567078,-0.4799255644009967,-0.18895892840383935,-0.3235204174973316,0.21041396561505565,-0.028954448286235418,0.8415983265247746
1.9009552507029739,-1.0794281328592792,0.6374828185325194,-0.372756775664564,-0.6528046110155938,-0.5437926949827524,0.26252808082268686,0.47524385478920267,-0.3904290552391697,0.021457864080710154,0.3899346193052007,-0.5910097462180373
1.541134384975362,-0.5566192791707167,-1.0987206712845805,-1.1777470508153796,-0.843572533486975,-0.8784252171981674,-0.34038876275215196,0.7372475906314779,-0.26576340299679074,0.19017178063564,0.04466972924441376,0.08162564555065446
-1.000655654050922,0.7449928468488128,-0.8616279618111643,0.3224904659291723,-0.5011802387288463,0.5507621471363757,0.6567104285176993,-0.3478839034863594,0.423162807168614,-0.11580275351375652,-0.4942194535432074,-0.32636261308479947
-1.4480409318763665,0.294076697995393,-0.7760599139770271,1.6922931744119043,-0.12305151560908523,0.10496995575092194,-0.44245836502633845,-0.06910416750514686,-0.3176874169382197,0.5746157147761275,0.21115640999302573,0.247526666825605
-2.284116673009694,-0.33530786599629925,0.08999554098199117,0.03916088475668064,0.05222694308647957,0.10330437155131966,0.7684853194161516,-0.06779979511555134,-0.06761754146201415,1.0919361502000786,-0.10253335014037698,-0.03173804042101547
0.4875868591940204,-0.617122703357563,-1.5409230913511198,-1.421301575398389,1.2123120585834937,0.4651395554996066,-0.20266200261094386,-0.488988244963252,-0.90863639039727,0.0409729235899805,-0.47469019433131177,-0.35700512344250934
1.398053277081126,-0.2542701564346839,0.4434068573159393,-2.312030925253576,-1.0653309963305433,1.4592638823977455,0.5875965740223135,0.07947068769321308,-0.28656731252171663,0.5663387641098494,0.0062264591602466945,-0.11175700807415809
0.4449034153988259,1.402497369180162,0.6935047963525872,-1.8327673795219344,-0.5683927512955563,0.26690358554307725,-0.40531893643836797,-0.19235073797007168,0.20324705248079622,-0.8768296435821736,0.7177738654461828,0.051589008242947904
-0.49003100906194647,0.1234919643850988,-0.5562420094058429,-0.541653870552643,-0.5680612248170152,0.1251301081233855,-0.2584041616070369,0.8147124192622792,-0.3768910610082121,-0.7337095698579654,0.7571294882736123,-0.33847249605124896
-1.0905577771848427,-0.4436796306308579,-0.668830027330935,0.09110852333828154,0.20993937205829105,-0.2538522969019966,1.3650369420061204,-0.013233966888521076,-0.16818785169455874,0.7836878937396201,-0.06179639715832405,-0.08809062872172035
0.37763722081603773,1.688005990120101,-1.0802101374985509,-0.3613141905080983,0.9244318431658725,-0.5306182596770294,0.6748767508627793,-0.5755189896456894,-0.06687511599870877,-0.6284122142186799,0.39156654195545737,0.09425936433371121
-0.43123849915675644,1.187178390540852,1.0263964106319752,-0.47501122505726834,-0.07548181838490875,0.7110464224996563,-0.12161864023869356,-0.2319782991507526,-0.7457839598482392,0.15143000989889782,-0.09914723940601881,-0.1265411927689047
-2.1646097558148654,-0.15422756877598998,-0.04741600682342759,0.016821168836178763,0.10800358429747647,0.08782209313155531,0.47050913354230506,0.4730167278916793,0.039765051195530976,-0.07308127822589966,-0.36745455351303646,0.1253230198905035
2.0238012460875727,-1.8581717166800422,1.2898016919323867,0.13403086423889635,-0.057041097194620805,0.622148756975593,-0.2954585448626093,-0.7901972931269399,0.24302956244734086,0.039677195236377194,0.036080511481200644,0.4398020667423773
0.39751801965736927,-0.20863757702993652,-0.2994753024843832,1.5297882717950941,-1.6251173183702432,-1.0192430666053913,0.4116489548366111,-0.03068752822664153,-0.45446316759042404,0.0015204358031977727,0.05143574230131506,0.8475135842758403
-0.5363838371682941,-0.7759464408750991,0.4607623126607148,-0.07408786347589708,-0.3007779650631738,-0.11637445985099704,-0.6406954145237569,-0.031140798573066703,-0.18890467846903536,0.5323145728304839,-0.20776662209806093,1.0112944462338866
0.8378673960980201,-0.9269247548444579,0.17829143961649502,-0.23443249468903918,0.1729149648395385,0.9363193001885237,0.9667140785555761,0.3615175081441037,0.167603367385611,0.10515136170758937,0.11876582509840569,0.7784591303667487
-1.8003238334585632,0.5760017479630616,1.4181939779016042,0.5100841353619469,0.1655227186169308,-1.2334648322639006,-0.6084462642444957,0.5032239264872658,-0.38512334649770424,0.1614660911989203,-0.19886726454724202,-0.5470491034558347
-1.8918111734381466,-0.8205046937728866,0.7210194182291586,-0.4923237636647273,-0.16261712452629445,-0.3885209558340498,0.8460751857469362,0.4122524124551859,0.01670234433691342,-0.21290646695863585,-0.3592899884555353,-0.010506688650908064
1.2671128465670083,-0.6392440408876492,0.7161115329888079,-0.2194324201013284,0.17445217853356787,-0.09688229983614616,-0.8563235765874035,0.0055062232076050766,0.25209616311245786,-0.39146194982292204,-0.3959236997290584,-0.1723381741055325
1.466009510023734,0.40257773949738973,1.5720280833844495,-0.4582067365241048,-0.7080290962786537,0.5787683521673952,-0.5250334620750245,-0.6281426531945424,0.06912791006010988,-0.6879597750691901,-0.10538572765537615,-0.008446767416149636
1.6370282156902631,-0.24648647876599844,-0.5598685134382345,1.3267928086706895,-0.08582948544674351,-1.6327160607406839,0.5301954466041224,0.6056753039631193,-0.4316862745217976,0.14826029417318853,0.10962474770957326,0.11211679718834702
0.7289696532223824,-1.8826788810964048,-0.05901936996088211,-1.7780636757657378,-0.5695425847164398,1.5432328887362523,-0.5380832777011642,-0.6491999076434611,-0.6606596702751577,0.6103111549989477,0.022907484412460516,-0.30580214603478895
0.07015898829164618,-0.0697497962919133,0.3148591912730918,-0.7366598520031824,1.662518392325283,0.13633846820964834,0.1482252060930272,0.10009483522821488,-0.45938298470892874,-0.25529710849445253,0.06686751316575953,0.14777479674524627
0.6018674026899682,1.2515705974987605,1.7749073635538717,-1.011121807284967,-0.46488440670183834,-0.11179259600574121,-0.5395804694084445,0.33014094983913483,0.6896539786054285,0.3611090088268259,0.67716510801775,-0.3781327006008005
0.5477805221398468,1.554812107904481,-0.2014940508235057,-1.1870784374711818,0.08792854374410841,0.28537285105914945,0.6094949714211275,-0.3012479889086256,0.5407787141244325,0.7188566020789755,-0.002065961970542124,-0.11607970072267523
-1.6902864833747364,-0.129736836265694,0.6014172279436942,0.007111528333956535,-0.5641987267257728,-0.674357503798448,1.3380257845783559,-0.013241565077779405,-0.13956323026537265,0.8578167424161987,-0.06067908056632296,-0.13728777080537502
-0.3675595970103176,1.1610653269671656,0.8799515566421775,-0.8746762368636504,0.6918446603488833,-0.45898233050024173,-0.04000093054554177,-0.33406892002465743,0.1893430907978092,-0.6664437707597906,0.6898199282024396,0.07616544390912741
-0.010813990589411404,-0.7934747143304219,0.16963219778521266,-1.1109024076689977,-0.8189058246951602,0.06437935450913934,-0.01526112648836847,-0.5391841350048523,-0.6666893438607422,0.6483119500530472,0.023119298025083918,-0.32080575555453694
1.4348859639482925,-0.3439888351478202,-1.5410168539522808,1.8523946177553483,-0.2801047325294927,0.60082829232923,-0.5997946483922494,0.5867207705963802,-0.3562270158347048,0.2835253032786566,0.10291601969216102,0.30192061850252017
-1.9553940269835457,0.7092627754794841,0.13383323606968753,0.12525682453336848,0.16733999971559255,0.1639666811383016,0.30155522161633136,0.5352114422904073,0.008363045469498065,0.019185174365422997,-0.34958704518786443,0.20317152038158212
1.0245306112621089,-1.37575940531127,0.1899069613761552,0.11080876581195057,-0.18092719678737235,-0.1329891379101037,-0.1434921245625792,-0.034649483916690094,-0.6797483656968684,0.771800236346083,-0.14673851668320614,-0.2083645032890968
-2.8549340021659626,-0.6708047508597792,0.5092508844573751,0.36498316219078675,0.3302495306043072,-0.5880022567887063,0.21947607659994545,-0.027759696606818374,-0.42739686130167276,-0.45151443747812575,0.6020567407780106,0.14868045728311322
-0.016129352096394434,0.38763205332808737,0.846220139099707,-1.1669538304356804,0.7581110863925185,-0.4769382252537345,-0.8653609524947814,0.5552556304057803,-0.4465641081229164,0.05018044257069271,-0.18327848075110448,-0.5343746309253148
2.5432969841721045,-0.6336900351395747,-1.1593098739868277,2.172084027804667,1.523050406411589,1.0413318851535718,0.5136587150669498,-0.2940700010274713,-0.9777720731704704,-1.0221327128395665,-0.2046049675534802,0.2514451897058133
2.2757305441001052,0.3315299183436408,1.8531798893982332,0.3955500270773702,0.7293372141525503,-0.5117866382077071,0.3221160852823736,-1.1273968836800923,-0.05746520560303914,0.5193369835089949,-0.2226487793475627,0.766788802879228
-0.4540728792199088,-0.41621989375376955,-0.09851280364084797,-0.8185976084198707,-0.44399346135169787,0.238464788285485,-0.331986719373964,0.696167206092891,-0.15082570578815413,0.09104678898586349,1.2126235174373352,-0.1776959399497879
-1.0887570425807336,0.2814745353703816,0.21147136395534244,-0.707605933302441,0.05651014798811482,0.08687271342474306,-0.7093257537994486,0.22876266614300445,0.45579188053753317,-0.590097822350342,0.7317343153597425,-0.4547907023197493
-1.4630827997814757,0.3159641246744668,-0.3035080080041775,-0.5327488842886939,0.11661654290624801,0.6153385794438976,-0.4287829501169514,0.14262571085715808,-0.4955617961844647,-0.7414667515041387,0.5092625112426313,0.25536875237957
0.5363332936094272,0.5570108824323465,1.1633142665183382,-1.2535174861864353,-0.387757409126882,0.6661018812381891,-0.22682985224201196,0.6041666528325462,1.040362331042771,0.47928311377248406,0.27724060111291904,-0.3656768648927876
-0.4733819743938912,1.7145527030190326,-0.6992648469485312,0.8165830851115857,-0.5432347665113005,0.6978622709413873,0.17248249224247594,-0.16814617067877308,-0.9358159445814305,-0.3734708977738356,0.53409449932636,0.01917388763098085
-0.40193178336926183,-2.2303968545166306,1.0116192284522278,1.0433239401704657,-0.3527224073492232,0.36924580864022627,-0.28077850238603236,-0.394783995168689,-0.6294722998853889,-0.6454487395479369,-0.6017968048591968,0.639173396030629
2.367694423810012,-1.2521300282944432,1.2538524941650202,0.6910491658340533,1.2107758698108606,0.6963361523509395,-0.7246705288294615,-0.19892328484574778,0.10468943624593297,-0.4148746571023047,-0.34040192891508825,-0.1271730414290044
-0.04581115982811074,-0.7092084368566893,-0.2618774837501949,-1.5732633116482,-0.7682639899319051,0.06899978901199633,-0.600173642770595,-0.44143190948426536,-0.6113454702628699,0.865126155399631,-0.2914875252260458,0.33626104077609753
-2.858863693795048,-0.8686171971277679,0.775269475140074,-0.19893153582712533,0.7027334995570227,-0.06538488549516253,-0.18559043118923985,-0.08019584828172638,-0.40162912192850087,-0.2988881136485444,0.5830911986923437,0.1862539041658803
2.406643552303747,-0.9844369520766569,1.2914097788939127,-1.6864206038651763,-0.03196592134660842,-1.6350510075919429,1.0078868767349642,-0.6172578402378492,0.3486952335572657,-0.39000424425165,0.21789856247611164,0.18736744950599163
0.5066609840387053,-0.20573642726627606,-0.0006278331866505504,-0.821889546764301,-1.3437132190610268,-0.8403573025512777,-0.31467112565150906,0.22093713796140085,-0.5489085384229172,0.7596482741531723,-0.1609341399543972,-0.2327375520468757
-0.5858287689153157,-1.0645107473877256,-0.9089154125277744,0.74293109440189,-0.9172607309928231,-0.10113084520987592,0.32638864311477167,0.7442790260673768,-0.001956579555011828,0.06764914549911771,0.6296296922658048,-0.3475635656960231
2.5228687333288518,-0.8930281943006859,1.1555640106647918,-0.06699189364499916,1.169597419591841,0.8053957460246779,-0.36104420166752477,0.3788781629524766,-0.338398841356335,0.32336451095982344,0.2742724425154569,-0.07732953201510692
0.893523440529969,-2.382648527559745,0.7522178490842178,-1.1875748605095122,-0.08389844132164237,-0.6096064745382838,-0.366430341608275,0.37586974275739643,-0.2503332058521535,0.3927911672702464,0.015146644810435761,-0.012442851048311082
-0.802960842331492,0.7234524542602584,-0.18140470232982747,-0.6403055030130822,0.810440032926655,0.16258080325800406,-0.033992707653848486,-0.8590807578716211,0.1419650513932964,0.516912879590745,0.928100427353763,-0.017599071512979042
-2.4706712200036463,-0.3735569359520432,1.3387047178667504,-0.05544605373442718,0.2953277778902559,-0.47471674805728814,0.6739646167776787,0.36209159337828184,0.02109122066655622,0.03799157006652076,-0.3699909711516409,0.06304885556251008
